feature_importance,precision,recall,false_positive,false_negative,final_accuracy_train,final_accuracy_test,f1
"[8.61551372e-02 1.41449484e-01 6.10591213e-02 1.26630446e-01
 4.48138096e-02 3.85922860e-02 8.09702275e-02 7.94583896e-02
 2.15336567e-02 6.70661846e-03 4.30980239e-03 1.20859338e-03
 1.25933189e-02 3.41187727e-05 1.88185044e-02 1.71953493e-02
 1.29650657e-04 1.48391182e-02 1.28686018e-02 1.94432559e-03
 5.21337491e-04 4.46458671e-05 3.47066566e-04 0.00000000e+00
 0.00000000e+00 3.31871272e-02 3.91084601e-03 1.73408747e-04
 0.00000000e+00 7.33706833e-06 1.24409467e-05 1.42446276e-02
 1.52442893e-02 7.95717381e-02 7.54020747e-03 1.35263139e-02
 1.59075485e-02 6.66757860e-03 7.51349190e-03 1.50765056e-02
 1.51760781e-02 1.68510763e-05]",0.5906323185011709,0.21839279528922756,874,4513,0.7476345840130506,0.6233920581655481,0.3188772284738905
"[0.02482168 0.02307967 0.02821357 0.02354286 0.04371704 0.05043147
 0.19372998 0.05847824 0.02411657 0.03079938 0.02464734 0.0137401
 0.02251168 0.         0.02632207 0.02341378 0.         0.02598163
 0.02549529 0.0173664  0.         0.         0.         0.
 0.         0.0193294  0.0298194  0.         0.         0.
 0.         0.01685725 0.06138375 0.03104552 0.03988086 0.02403306
 0.02580472 0.01941391 0.03194599 0.02007727 0.         0.        ]",0.5049459041731067,0.5658122618635262,3203,2507,0.6281053367513401,0.6008109619686801,0.5336491342698465
