model,feature_importance,precision,recall,false_positive,false_negative,final_accuracy_train,final_accuracy_test,f1
model_tf,,0.0,0.0,1,1223,0.9089463615810788,0.9087792517513787,0.0
model_rf,"[1.72326827e-02 6.69131399e-02 1.05456614e-01 4.52163576e-02
 9.58063574e-02 2.36554000e-02 1.73261921e-02 3.98752203e-02
 4.52158068e-02 1.08228458e-02 1.74412479e-02 1.24790875e-02
 5.61739013e-03 2.59056750e-03 3.02556370e-04 8.57794261e-03
 0.00000000e+00 1.22846851e-02 1.11275372e-02 8.00730691e-06
 9.63395916e-03 8.97677959e-03 2.35820657e-03 2.23721031e-04
 1.41589695e-08 3.27841386e-04 1.30104618e-02 2.70156578e-03
 5.43156007e-07 0.00000000e+00 0.00000000e+00 3.54285014e-07
 1.19601315e-02 8.49414844e-03 5.43444302e-02 3.78349481e-02
 1.80519884e-02 1.66703721e-02 1.38808343e-02 1.29928352e-02
 1.71380250e-02 1.26081849e-02 1.12798331e-02 1.44266458e-02
 1.02949315e-02 1.77782748e-02 1.98607985e-02 1.98649319e-02
 2.63567207e-03 2.39439214e-03 4.78127772e-03 0.00000000e+00
 6.32552638e-03 1.18898641e-02 1.10779145e-02 1.39110706e-06
 8.94535138e-03 1.27939476e-02 8.07457132e-03 1.25911576e-02
 4.62317265e-04 7.79535900e-03 8.21095107e-07 1.14005817e-02
 3.61489005e-03 1.23131812e-02 6.10994063e-03 4.12744417e-03]",0.0,0.0,0,1223,0.9139897145412537,0.9088537785064839,0.0
model_xgb,"[0.01478206 0.01683341 0.01837894 0.01705486 0.01776589 0.01917351
 0.01971974 0.02634206 0.01719438 0.01741342 0.01799482 0.01883968
 0.01584432 0.01393124 0.         0.02264495 0.         0.01743387
 0.0175395  0.         0.01992331 0.02108925 0.02124973 0.
 0.         0.         0.01550775 0.01532447 0.         0.
 0.         0.         0.01625465 0.01772297 0.01775249 0.01657828
 0.0162654  0.0159482  0.01568316 0.01927105 0.01695807 0.01836601
 0.02004239 0.01814441 0.02018946 0.01431174 0.02101449 0.01885602
 0.02447303 0.         0.0195752  0.         0.05987793 0.01618431
 0.01968369 0.         0.01729042 0.01594249 0.01800793 0.01540042
 0.         0.01653102 0.         0.0178327  0.01794765 0.01770049
 0.01983107 0.01838164]",0.14563106796116504,0.04905968928863451,352,1163,0.9814662989739386,0.8870919660157996,0.07339449541284404
